Predicted Deaths,Actual Deaths,Delta,RMSE,Country
63.42725000000002,67.571,-6.132438472125581,14.564798303034816,Argentina
17.565709999999996,15.857,10.775745727438963,14.564798303034816,Argentina
19.98275999999999,18.0,11.015333333333269,14.564798303034816,Argentina
192.63295000000002,159.143,21.043935328603848,14.564798303034816,Argentina
20.45114999999998,18.857,8.453889802195372,14.564798303034816,Argentina
18.461399999999994,21.714,-14.979276043105852,14.564798303034816,Argentina
257.52004,260.0,-0.9538307692307714,14.564798303034816,Argentina
191.37295000000003,152.571,25.43206113874854,14.564798303034816,Argentina
20.751179999999987,19.857,4.503097144583713,14.564798303034816,Argentina
232.89429,249.714,-6.735589514404474,14.564798303034816,Argentina
198.43293000000003,199.571,-0.5702582038472377,14.564798303034816,Argentina
17.557029999999987,16.714,5.043855450520452,14.564798303034816,Argentina
253.82874000000004,254.571,-0.2915728814358112,14.564798303034816,Argentina
20.339899999999986,16.714,21.693789637429624,14.564798303034816,Argentina
14.20555,14.286,-0.5631387372252487,1.725384750488196,Australia
31.671339999999987,31.429,0.771071303573095,1.725384750488196,Australia
7.031499999999998,7.143,-1.5609687806244177,1.725384750488196,Australia
14.065670000000003,14.857,-5.3263108299118045,1.725384750488196,Australia
11.760019999999999,11.571,1.6335666753089562,1.725384750488196,Australia
9.915680000000012,11.429,-13.241053460495126,1.725384750488196,Australia
6.98161999999999,6.143,13.651636008464758,1.725384750488196,Australia
10.162929999999996,6.857,48.21248359340813,1.725384750488196,Australia
6.70717,6.0,11.78616666666666,1.725384750488196,Australia
8.265989999999988,8.0,3.3248749999998495,1.725384750488196,Australia
8.165690000000009,9.286,-12.064505707516595,1.725384750488196,Australia
16.186859999999985,17.286,-6.358556056924772,1.725384750488196,Australia
53.759869999999985,56.143,-4.2447500133587726,1.725384750488196,Australia
63.86730000000002,64.0,-0.2073437499999664,1.725384750488196,Australia
12.49582000000001,14.143,-11.646609630205683,1.725384750488196,Australia
53.23551999999997,50.857,4.676878305837885,1.725384750488196,Australia
14.452939999999998,14.0,3.235285714285701,1.725384750488196,Australia
13.987040000000002,15.286,-8.497710323171512,1.725384750488196,Australia
14.651409999999997,14.571,0.551849564202848,1.725384750488196,Australia
68.63125999999997,66.714,2.873849566807522,1.725384750488196,Australia
14.027170000000007,13.429,4.454315287810013,1.725384750488196,Australia
7.055829999999995,5.429,29.965555350893254,1.725384750488196,Australia
79.29171000000005,84.143,-5.76553010945646,1.725384750488196,Australia
10.412919999999993,6.714,55.0926422400952,1.725384750488196,Australia
6.745600000000004,6.0,12.426666666666735,1.725384750488196,Australia
8.358689999999998,8.714,-4.077461556116627,1.725384750488196,Australia
37.20160000000003,35.0,6.290285714285792,1.725384750488196,Australia
13.891560000000016,13.857,0.24940463303757526,1.725384750488196,Australia
57.371369999999985,55.571,3.239765345234001,1.725384750488196,Australia
42.741359999999986,42.286,1.0768575888000393,2.098208066433609,Belgium
24.925669999999997,24.0,3.8569583333333193,2.098208066433609,Belgium
19.27991,18.857,2.242721535769219,2.098208066433609,Belgium
36.42862,35.286,3.2381681119990957,2.098208066433609,Belgium
19.177260000000025,19.0,0.9329473684211856,2.098208066433609,Belgium
52.11719,56.714,-8.105247381598895,2.098208066433609,Belgium
37.048750000000034,38.0,-2.503289473684122,2.098208066433609,Belgium
10.927309999999986,12.143,-10.011446924153953,2.098208066433609,Belgium
18.220080000000014,15.0,21.46720000000009,2.098208066433609,Belgium
19.038549999999997,15.857,20.06400958567193,2.098208066433609,Belgium
39.24288000000001,38.571,1.7419304658940882,2.098208066433609,Belgium
6.401619999999998,6.714,-4.652666070896675,2.098208066433609,Belgium
22.08844999999998,22.286,-0.8864309431931301,2.098208066433609,Belgium
12.378579999999992,14.714,-15.87209460377877,2.098208066433609,Belgium
18.122809999999994,18.571,-2.4133864627645654,2.098208066433609,Belgium
35.237059999999985,31.857,10.610101390589152,2.098208066433609,Belgium
21.901359999999997,21.857,0.202955574873027,2.098208066433609,Belgium
8.11870000000001,7.286,11.428767499313887,2.098208066433609,Belgium
26.927240000000012,26.0,3.566307692307738,2.098208066433609,Belgium
39.975629999999995,37.429,6.803895375243776,2.098208066433609,Belgium
40.98853999999999,42.429,-3.3949892762026175,2.098208066433609,Belgium
31.97729000000002,28.571,11.922193832907563,2.098208066433609,Belgium
22.86137999999999,27.571,-17.08178883609594,2.098208066433609,Belgium
27.181670000000025,29.429,-7.636447042033277,2.098208066433609,Belgium
21.45559999999999,20.429,5.025209261344125,2.098208066433609,Belgium
21.231319999999986,21.857,-2.8626069451434937,2.098208066433609,Belgium
26.294340000000012,26.0,1.132076923076971,2.098208066433609,Belgium
31.210020000000004,31.429,-0.696745044385742,2.098208066433609,Belgium
8.327429999999982,9.143,-8.920157497539307,2.098208066433609,Belgium
7.015720000000001,6.714,4.493893357164141,2.098208066433609,Belgium
43.498449999999984,38.571,12.775012314951612,2.098208066433609,Belgium
32.563030000000026,30.714,6.0201536758482375,2.098208066433609,Belgium
54.29433000000001,56.714,-4.266442148323147,2.098208066433609,Belgium
26.055930000000036,25.286,3.0448864984577795,2.098208066433609,Belgium
17.559839999999998,16.857,4.16942516462003,2.974031736880774,Bolivia
4.202950000000001,3.714,13.165051157781404,2.974031736880774,Bolivia
3.895810000000001,10.857,-64.11706732983328,2.974031736880774,Bolivia
12.168389999999999,12.857,-5.355915065722957,2.974031736880774,Bolivia
18.43279999999999,22.143,-16.755633834620472,2.974031736880774,Bolivia
28.042729999999985,26.857,4.414975611572347,2.974031736880774,Bolivia
9.068460000000005,10.571,-14.21379245104526,2.974031736880774,Bolivia
10.12155999999999,9.571,5.752376972103126,2.974031736880774,Bolivia
15.455610000000002,10.286,50.25870114719038,2.974031736880774,Bolivia
38.49279999999999,36.429,5.665266683137023,2.974031736880774,Bolivia
16.716859999999983,17.571,-4.861077912469517,2.974031736880774,Bolivia
4.241320000000007,3.857,9.96422089707044,2.974031736880774,Bolivia
37.518690000000014,36.429,2.9912706909330797,2.974031736880774,Bolivia
39.85135999999998,37.286,6.880223140052505,2.974031736880774,Bolivia
11.032650000000004,10.714,2.974145977226091,2.974031736880774,Bolivia
37.19119999999997,41.571,-10.535709990137432,2.974031736880774,Bolivia
14.56997000000001,12.571,15.901439821812192,2.974031736880774,Bolivia
11.937169999999997,11.143,7.12707529390645,2.974031736880774,Bolivia
4.222740000000004,3.429,23.14785651793539,2.974031736880774,Bolivia
11.111379999999997,10.714,3.70897890610413,2.974031736880774,Bolivia
6.03712,7.571,-20.259939241843878,2.974031736880774,Bolivia
22.22421999999998,23.857,-6.844029006161789,2.974031736880774,Bolivia
11.357189999999994,10.0,13.571899999999939,2.974031736880774,Bolivia
39.881490000000014,49.857,-20.00824357662913,2.974031736880774,Bolivia
4.079960000000003,4.429,-7.880785730413116,2.974031736880774,Bolivia
12.008709999999994,12.286,-2.2569591404851543,2.974031736880774,Bolivia
11.57450999999999,10.857,6.608731693837987,2.974031736880774,Bolivia
32.88148000000001,33.143,-0.7890655643725378,3.0506927879049033,Canada
21.869879999999984,26.714,-18.133263457363235,3.0506927879049033,Canada
38.90990999999999,39.857,-2.3762199864515896,3.0506927879049033,Canada
6.165889999999994,6.286,-1.9107540566338805,3.0506927879049033,Canada
68.50264999999996,61.571,11.257978593818457,3.0506927879049033,Canada
34.98737000000003,33.857,3.338659656791883,3.0506927879049033,Canada
22.389869999999988,20.143,11.154594648264842,3.0506927879049033,Canada
19.81271999999999,18.857,5.068250517049331,3.0506927879049033,Canada
12.531410000000001,10.429,20.159267427366007,3.0506927879049033,Canada
137.44578,132.143,4.012910256313246,3.0506927879049033,Canada
29.952799999999993,27.714,8.078227610593904,3.0506927879049033,Canada
17.14846999999999,16.0,7.177937499999931,3.0506927879049033,Canada
19.905699999999996,18.571,7.187012007969384,3.0506927879049033,Canada
154.75867000000002,148.429,4.264442932311086,3.0506927879049033,Canada
29.85578000000001,28.571,4.496797451961808,3.0506927879049033,Canada
41.19862000000001,40.429,1.9036335303866294,3.0506927879049033,Canada
159.34011,163.286,-2.4165513271192824,3.0506927879049033,Canada
43.37727000000002,57.429,-24.468003970119597,3.0506927879049033,Canada
44.38297000000002,45.714,-2.9116463227894673,3.0506927879049033,Canada
30.873090000000044,30.714,0.517972260207219,3.0506927879049033,Canada
38.58990999999998,35.714,8.05261242089932,3.0506927879049033,Canada
20.48266999999998,19.571,4.658269889121555,3.0506927879049033,Canada
138.38722,139.286,-0.645276625073581,3.0506927879049033,Canada
22.740060000000007,21.714,4.725338491295976,3.0506927879049033,Canada
19.511289999999978,19.857,-1.7409981366773515,3.0506927879049033,Canada
9.877240000000002,9.571,3.1996656566712205,3.0506927879049033,Canada
34.81856,34.429,1.1314879897760488,3.0506927879049033,Canada
29.35714,28.286,3.7868203351481284,3.0506927879049033,Canada
37.882950000000015,35.143,7.796573997666717,3.0506927879049033,Canada
24.648439999999983,25.0,-1.4062400000000679,3.0506927879049033,Canada
29.51991999999999,29.571,-0.17273680294887936,3.0506927879049033,Canada
93.61011,98.143,-4.618658488124466,3.0506927879049033,Canada
19.720000000000006,21.714,-9.183015565994255,3.0506927879049033,Canada
116.71456000000003,109.143,6.9372841135025,3.0506927879049033,Canada
31.927170000000004,32.714,-2.4051782111634004,3.0506927879049033,Canada
11.299809999999995,11.429,-1.130370111120875,3.0506927879049033,Canada
43.93319000000005,44.0,-0.15184090909078857,3.0506927879049033,Canada
19.028489999999998,18.0,5.713833333333321,3.0506927879049033,Canada
28.292970000000018,28.286,0.024641165240814524,3.0506927879049033,Canada
39.30408999999998,40.857,-3.8008419609859225,3.0506927879049033,Canada
31.50275999999998,30.429,3.528739031844564,3.0506927879049033,Canada
18.34857000000001,19.0,-3.428578947368371,3.0506927879049033,Canada
42.39735000000003,44.0,-3.6423863636362923,3.0506927879049033,Canada
46.19449000000003,47.143,-2.011984812167173,3.0506927879049033,Canada
39.82429,40.286,-1.14608052425161,3.0506927879049033,Canada
28.551580000000026,27.286,4.638202741332642,3.0506927879049033,Canada
29.144360000000017,28.571,2.006790101851581,3.0506927879049033,Canada
17.08279999999999,16.143,5.821718391872583,3.0506927879049033,Canada
11.018540000000003,5.143,114.24343768228668,3.0506927879049033,Canada
28.348529999999997,29.571,-4.134016435020813,3.0506927879049033,Canada
24.64434000000001,26.714,-7.747473235007818,3.0506927879049033,Canada
34.1843,36.571,-6.526209291515128,3.0506927879049033,Canada
23.338820000000027,23.429,-0.38490759315366313,3.0506927879049033,Canada
52.02452000000004,57.0,-8.728912280701689,3.0506927879049033,Canada
41.37148,43.714,-5.358740906803313,3.0506927879049033,Canada
44.598519999999986,43.429,2.692947109074545,3.0506927879049033,Canada
32.54874000000002,31.429,3.562760507811337,3.0506927879049033,Canada
41.99025000000003,41.429,1.3547273648894,3.0506927879049033,Canada
36.689889999999984,37.571,-2.345186446993729,3.0506927879049033,Canada
33.43586000000003,37.0,-9.632810810810739,3.0506927879049033,Canada
39.86008000000001,39.714,0.3678299843884071,3.0506927879049033,Canada
116.72145,121.857,-4.2144070508875116,3.0506927879049033,Canada
8.871649999999988,10.0,-11.283500000000117,3.0506927879049033,Canada
34.67714,30.0,15.590466666666671,3.0506927879049033,Canada
49.48572,51.0,-2.969176470588234,3.0506927879049033,Canada
7.832849999999995,7.143,9.65770684586302,3.0506927879049033,Canada
7.737169999999995,7.0,10.530999999999935,3.0506927879049033,Canada
157.96298000000002,152.857,3.3403638694989546,3.0506927879049033,Canada
34.2501,31.571,8.485952297995,3.0506927879049033,Canada
12.76411,13.143,-2.882827360572169,3.0506927879049033,Canada
32.12874000000002,32.857,-2.2164531150134748,3.0506927879049033,Canada
23.957210000000014,26.429,-9.352567255666065,3.0506927879049033,Canada
28.768730000000026,28.571,0.6920653809808015,3.0506927879049033,Canada
34.297240000000016,37.0,-7.304756756756713,3.0506927879049033,Canada
23.91148000000001,20.286,17.8718327910875,3.0506927879049033,Canada
39.89864000000001,43.0,-7.212465116279053,3.0506927879049033,Canada
11.207049999999997,11.143,0.5748003230727486,2.257653146672998,Chile
23.34986999999998,22.286,4.773714439558377,2.257653146672998,Chile
6.330209999999991,6.429,-1.5366308912740556,2.257653146672998,Chile
25.748479999999986,27.143,-5.137678222746248,2.257653146672998,Chile
9.120090000000003,16.857,-45.89731268909056,2.257653146672998,Chile
16.931350000000005,17.714,-4.418256746076511,2.257653146672998,Chile
9.63005999999998,9.714,-0.8641136504016848,2.257653146672998,Chile
38.31546999999996,35.286,8.58547299212141,2.257653146672998,Chile
29.83316000000004,29.286,1.8683329918733769,2.257653146672998,Chile
21.95298000000002,24.571,-10.654918399739447,2.257653146672998,Chile
17.88707999999999,19.857,-9.920531802387114,2.257653146672998,Chile
6.634369999999998,7.0,-5.223285714285745,2.257653146672998,Chile
24.464289999999995,24.714,-1.0103989641498903,2.257653146672998,Chile
24.184310000000004,24.571,-1.5737658214968784,2.257653146672998,Chile
40.47419999999998,40.143,0.8250504446602926,2.257653146672998,Chile
8.428660000000002,13.286,-36.559837422851096,2.257653146672998,Chile
25.508670000000006,26.857,-5.020404363852975,2.257653146672998,Chile
22.528610000000008,26.571,-15.213541078619524,2.257653146672998,Chile
23.25425,23.286,-0.13634802026970017,2.257653146672998,Chile
16.664289999999998,16.714,-0.297415340433176,2.257653146672998,Chile
86.67406999999997,87.286,-0.7010631716426797,2.257653146672998,Chile
42.76414999999998,42.714,0.11740881209903269,2.257653146672998,Chile
8.859820000000012,9.286,-4.589489554167435,2.257653146672998,Chile
18.187250000000017,19.714,-7.744496297047693,2.257653146672998,Chile
7.338670000000002,11.571,-36.57704606343442,2.257653146672998,Chile
13.357219999999998,12.143,9.99934118422134,2.257653146672998,Chile
18.21989999999999,19.714,-7.57887795475302,2.257653146672998,Chile
26.338469999999983,23.714,11.067175508138588,2.257653146672998,Chile
27.269989999999996,32.429,-15.908631163464818,2.257653146672998,Chile
38.261710000000036,37.571,1.8384126054670848,2.257653146672998,Chile
24.110360000000032,25.286,-4.649371193545714,2.257653146672998,Chile
16.02289,17.429,-8.067645877560379,2.257653146672998,Chile
17.791279999999986,20.143,-11.675122871469068,2.257653146672998,Chile
10.26867000000001,8.143,26.10426132874874,2.257653146672998,Chile
22.65993999999999,24.429,-7.241639035572503,2.257653146672998,Chile
20.47307000000002,20.429,0.21572274707534733,2.257653146672998,Chile
8.747150000000001,10.143,-13.761707581583352,2.257653146672998,Chile
18.048580000000005,18.286,-1.2983703379634508,2.257653146672998,Chile
15.27556999999999,14.429,5.867142560121901,2.257653146672998,Chile
16.655639999999984,16.286,2.269679479307274,2.257653146672998,Chile
2.394039999999999,3.429,-30.182560513269195,0.8007512904298061,Cyprus
1.0527199999999994,0.714,47.43977591036408,0.8007512904298061,Cyprus
0.945419999999999,0.571,65.57267950963207,0.8007512904298061,Cyprus
5.030010000000001,6.143,-18.11802051115089,0.8007512904298061,Cyprus
1.8987700000000007,2.429,-21.829147797447472,6.599086092913914,Czechia
114.42301000000003,113.143,1.1313205412619718,6.599086092913914,Czechia
78.02277,74.857,4.2290901318513905,6.599086092913914,Czechia
2.705679999999999,3.0,-9.810666666666695,6.599086092913914,Czechia
2.084119999999999,3.0,-30.529333333333362,6.599086092913914,Czechia
23.72150000000002,24.286,-2.324384419006757,6.599086092913914,Czechia
47.98141,52.571,-8.73026954024082,6.599086092913914,Czechia
56.125699999999995,66.0,-14.961060606060613,6.599086092913914,Czechia
14.025620000000005,13.286,5.5669125395153225,6.599086092913914,Czechia
99.07278999999998,99.857,-0.7853330262275212,6.599086092913914,Czechia
64.91734000000002,59.286,9.498600006746994,6.599086092913914,Czechia
1.2056399999999998,0.714,68.85714285714283,6.599086092913914,Czechia
29.641149999999968,32.429,-8.596780659286546,6.599086092913914,Czechia
70.78284000000001,70.0,1.1183428571428675,6.599086092913914,Czechia
2.43706,2.714,-10.204126750184237,6.599086092913914,Czechia
4.5671699999999955,6.286,-27.343779828189696,6.599086092913914,Czechia
1.1269999999999993,1.143,-1.3998250218723256,6.599086092913914,Czechia
3.1326300000000016,3.571,-12.275833099971956,6.599086092913914,Czechia
0.8783499999999995,0.571,53.82661996497365,6.599086092913914,Czechia
1.2886800000000003,1.0,28.868000000000027,6.599086092913914,Czechia
2.6683800000000004,3.429,-22.181977252843378,6.599086092913914,Czechia
3.201459999999999,3.286,-2.5727328058429992,6.599086092913914,Czechia
2.938659999999999,3.286,-10.57029823493612,6.599086092913914,Czechia
1.3984899999999998,1.429,-2.1350594821553717,6.599086092913914,Czechia
55.887019999999985,58.857,-5.046094772074713,6.599086092913914,Czechia
70.56423,34.571,104.11393942900118,6.599086092913914,Czechia
1.9558600000000004,2.429,-19.478797859201297,6.599086092913914,Czechia
1.13,1.429,-20.92372288313507,6.599086092913914,Czechia
20.321620000000017,19.714,3.082175103987108,6.599086092913914,Czechia
112.47587000000003,118.857,-5.368745635511556,6.599086092913914,Czechia
35.578249999999954,37.571,-5.303957839823384,6.599086092913914,Czechia
22.374460000000017,22.714,-1.4948489918111374,6.599086092913914,Czechia
41.94845999999998,52.857,-20.637834156308564,6.599086092913914,Czechia
119.14295000000001,116.0,2.7094396551724254,6.599086092913914,Czechia
48.80440000000002,47.857,1.9796477004409452,6.599086092913914,Czechia
8.414399999999993,9.0,-6.50666666666674,6.599086092913914,Czechia
0.8525899999999994,3.429,-75.13589967920679,6.599086092913914,Czechia
1.1684899999999996,0.714,63.654061624649806,6.599086092913914,Czechia
1.5555399999999995,1.0,55.553999999999945,6.599086092913914,Czechia
111.85157000000002,105.143,6.380424754857692,6.599086092913914,Czechia
103.67449000000002,84.429,22.794880905849908,6.599086092913914,Czechia
1.1643700000000003,1.429,-18.518544436668975,6.599086092913914,Czechia
4.5700099999999955,5.714,-20.02082604130215,6.599086092913914,Czechia
55.91560999999999,49.143,13.781433774901789,6.599086092913914,Czechia
51.39698999999998,53.0,-3.024547169811356,6.599086092913914,Czechia
-0.6668999999999996,-1.286,-48.14152410575431,6.599086092913914,Czechia
1.1670699999999996,0.571,104.39054290718033,6.599086092913914,Czechia
22.10725000000001,20.286,8.977866508922459,6.599086092913914,Czechia
2.921519999999999,3.286,-11.09190505173467,6.599086092913914,Czechia
0.9528299999999998,1.0,-4.717000000000016,0.5441235045533891,Denmark
1.0114500000000002,0.857,18.022170361726978,0.5441235045533891,Denmark
1.8484399999999996,1.857,-0.46095853527196257,0.5441235045533891,Denmark
10.048640000000008,9.0,11.651555555555642,0.5441235045533891,Denmark
11.681480000000006,11.857,-1.4803069916504468,0.5441235045533891,Denmark
0.9528299999999998,0.714,33.44957983193276,0.5441235045533891,Denmark
9.00693,10.429,-13.635727298878125,0.5441235045533891,Denmark
14.35574,14.0,2.541000000000006,0.5441235045533891,Denmark
10.594430000000003,10.429,1.586249880141935,0.5441235045533891,Denmark
6.347169999999998,6.143,3.3236203809213514,0.5441235045533891,Denmark
0.6226599999999994,0.714,-12.79271708683481,0.5441235045533891,Denmark
19.028630000000017,19.571,-2.7712942619180625,0.5441235045533891,Denmark
1.0814800000000002,1.714,-36.903150525087504,0.5441235045533891,Denmark
0.8755999999999996,0.571,53.34500875656737,0.5441235045533891,Denmark
1.00572,0.571,76.13309982486865,0.5441235045533891,Denmark
10.440140000000007,10.0,4.401400000000066,0.5441235045533891,Denmark
0.6069799999999995,0.857,-29.17386231038512,0.5441235045533891,Denmark
12.137229999999997,14.143,-14.182068867991257,0.5441235045533891,Denmark
0.63131,0.429,47.15850815850817,0.5441235045533891,Denmark
2.2644000000000006,2.571,-11.92532088681445,0.5441235045533891,Denmark
2.49854,2.714,-7.938835666912297,0.5441235045533891,Denmark
0.9456799999999999,0.714,32.448179271708675,0.5441235045533891,Denmark
0.33018000000000053,0.429,-23.03496503496491,0.5441235045533891,Denmark
2.1930200000000006,2.286,-4.067366579177576,0.5441235045533891,Denmark
0.9385199999999999,0.857,9.512252042006992,0.5441235045533891,Denmark
2.0472,2.429,-15.718402634829138,0.5441235045533891,Denmark
0.2416700000000002,0.143,69.00000000000016,0.5441235045533891,Denmark
2.3569299999999993,2.857,-17.503325166258342,0.5441235045533891,Denmark
2.3715100000000002,2.0,18.575500000000012,0.5441235045533891,Denmark
1.73428,0.857,102.36639439906652,0.5441235045533891,Denmark
1.9456799999999999,1.857,4.77544426494345,0.5441235045533891,Denmark
2.1086400000000003,2.0,5.432000000000015,0.5441235045533891,Denmark
2.1758900000000008,2.143,1.5347643490434426,0.5441235045533891,Denmark
9.777379999999983,9.714,0.6524603664811888,0.5441235045533891,Denmark
34.9757,33.714,3.742362223408687,0.5441235045533891,Denmark
17.638660000000023,18.429,-4.288566932551824,0.5441235045533891,Denmark
0.6183699999999994,0.714,-13.393557422969266,0.5441235045533891,Denmark
10.58133999999999,10.571,0.09781477627462368,0.5441235045533891,Denmark
4.092690000000002,4.0,2.3172500000000484,0.5441235045533891,Denmark
1.90705,1.429,33.453463960811746,0.5441235045533891,Denmark
3.6499599999999983,4.571,-20.14963902865897,0.5441235045533891,Denmark
0.9313599999999999,1.0,-6.864000000000015,0.5441235045533891,Denmark
0.22451000000000007,0.286,-21.499999999999968,0.5441235045533891,Denmark
7.122740000000006,6.143,15.94888490965336,0.5441235045533891,Denmark
0.8469999999999994,0.857,-1.1668611435239866,0.5441235045533891,Denmark
1.0158000000000003,0.857,18.52975495915989,0.5441235045533891,Denmark
1.9212899999999993,2.0,-3.935500000000036,0.5441235045533891,Denmark
0.6297099999999997,0.571,10.281961471103276,0.5441235045533891,Denmark
1.7669799999999996,2.286,-22.704286964129505,0.5441235045533891,Denmark
2.7214200000000015,3.0,-9.28599999999995,0.5441235045533891,Denmark
1.2459100000000007,1.429,-12.812456263121014,0.5441235045533891,Denmark
2.7486799999999993,2.857,-3.791389569478504,0.5441235045533891,Denmark
12.61128,11.0,14.648000000000005,0.5441235045533891,Denmark
35.69859,36.286,-1.6188337099707832,0.5441235045533891,Denmark
0.18575000000000003,0.143,29.895104895104925,0.5441235045533891,Denmark
0.49586999999999987,0.571,-13.15761821366026,0.5441235045533891,Denmark
23.13998999999999,22.571,2.520889637144959,0.5441235045533891,Denmark
16.17694999999999,16.286,-0.6695935159032943,0.5441235045533891,Denmark
0.6568799999999994,0.571,15.040280210157514,0.5441235045533891,Denmark
1.51419,0.857,76.68494749124854,0.5441235045533891,Denmark
0.9686800000000004,1.143,-15.2510936132983,0.5441235045533891,Denmark
1.0657900000000002,1.143,-6.755030621172334,0.5441235045533891,Denmark
0.8541399999999995,1.0,-14.586000000000055,0.5441235045533891,Denmark
0.41755000000000003,0.429,-2.6689976689976596,0.5441235045533891,Denmark
15.208409999999981,14.571,4.374511015029727,0.5441235045533891,Denmark
10.16588999999999,9.571,6.21554696478937,0.5441235045533891,Denmark
1.74285,2.286,-23.75984251968504,0.5441235045533891,Denmark
10.154419999999996,10.0,1.5441999999999645,0.5314952015311165,Estonia
2.5042400000000002,2.571,-2.5966549980552287,0.5314952015311165,Estonia
4.662820000000002,4.143,12.546946657011876,0.5314952015311165,Estonia
2.734069999999999,3.0,-8.864333333333363,0.5314952015311165,Estonia
0.14298000000000013,0.143,-0.013986013985911518,0.5314952015311165,Estonia
10.559890000000019,10.571,-0.10509885535881995,0.5314952015311165,Estonia
5.160030000000003,5.571,-7.376952073236352,0.5314952015311165,Estonia
1.86719,1.714,8.937572928821465,0.5314952015311165,Estonia
10.572909999999997,9.0,17.47677777777774,0.5314952015311165,Estonia
8.805790000000002,7.429,18.53264234755689,0.5314952015311165,Estonia
4.614250000000001,3.857,19.6331345605393,0.5314952015311165,Estonia
3.710059999999996,3.286,12.905051734631645,0.5314952015311165,Estonia
5.205700000000006,4.714,10.430632159524947,0.5314952015311165,Estonia
7.145809999999998,7.429,-3.8119531565486886,0.5314952015311165,Estonia
4.368390000000006,3.714,17.61954765751228,0.5314952015311165,Estonia
7.088659999999996,7.571,-6.370888918240699,0.5314952015311165,Estonia
2.57416,2.857,-9.899894994749744,0.5314952015311165,Estonia
4.080049999999994,4.571,-10.74053817545408,0.5314952015311165,Estonia
5.787359999999994,7.143,-18.97858042839151,0.5314952015311165,Estonia
8.217279999999995,7.571,8.53625676925103,0.5314952015311165,Estonia
6.160059999999996,5.571,10.57368515526829,0.5314952015311165,Estonia
1.2472000000000003,1.143,9.116360454943157,0.5314952015311165,Estonia
0.1829900000000002,0.143,27.965034965035123,0.5314952015311165,Estonia
0.12584000000000015,0.143,-11.99999999999989,0.5314952015311165,Estonia
4.6684400000000075,5.0,-6.631199999999851,0.5314952015311165,Estonia
0.3188200000000003,0.286,11.475524475524598,0.5314952015311165,Estonia
3.62858,3.429,5.820355788859729,0.5314952015311165,Estonia
5.730079999999999,6.429,-10.871364131280153,0.5314952015311165,Estonia
3.6783600000000045,3.714,-0.9596122778674058,0.5314952015311165,Estonia
3.325749999999998,3.143,5.814508431434877,0.5314952015311165,Estonia
6.909910000000005,7.286,-5.161817183639779,0.5314952015311165,Estonia
1.6184899999999995,1.429,13.260321903428935,0.5314952015311165,Estonia
9.138610000000005,8.571,6.622447789056183,0.5314952015311165,Estonia
3.5557600000000003,3.429,3.696704578594355,0.5314952015311165,Estonia
2.7812599999999996,2.857,-2.6510325516276017,0.5314952015311165,Estonia
3.422849999999999,3.429,-0.1793525809274064,0.5314952015311165,Estonia
1.16859,0.857,36.358226371061846,0.5314952015311165,Estonia
8.642940000000007,8.714,-0.8154693596510662,0.5314952015311165,Estonia
4.951430000000005,4.571,8.322686501859659,0.5314952015311165,Estonia
0.16727000000000017,0.143,16.9720279720281,0.5314952015311165,Estonia
3.8657399999999966,3.857,0.22660098522158198,0.5314952015311165,Estonia
6.4671699999999985,6.143,5.277063324108721,0.5314952015311165,Estonia
3.814439999999997,3.571,6.817138056566703,0.5314952015311165,Estonia
11.62867000000001,12.714,-8.536495202139296,0.5314952015311165,Estonia
1.6073400000000009,1.857,-13.44426494345714,0.5314952015311165,Estonia
10.255740000000017,10.429,-1.6613289864798455,0.5314952015311165,Estonia
2.9344499999999987,2.714,8.122697126013218,0.5314952015311165,Estonia
0.8655999999999997,0.857,1.003500583430539,0.5314952015311165,Estonia
3.0843099999999994,2.429,26.97859201317413,0.5314952015311165,Estonia
4.538649999999997,4.143,9.549843108858248,0.5314952015311165,Estonia
0.6926099999999991,0.714,-2.9957983193278586,0.5314952015311165,Estonia
6.0030799999999935,5.0,20.06159999999987,0.5314952015311165,Estonia
8.667159999999997,8.857,-2.1433894095066277,0.5314952015311165,Estonia
8.528570000000004,10.0,-14.714299999999964,0.5314952015311165,Estonia
0.021449999999999997,0.0,inf,0.5314952015311165,Estonia
0.09008999999999996,0.143,-37.00000000000002,0.5314952015311165,Estonia
3.9286299999999956,3.857,1.8571428571427382,0.5314952015311165,Estonia
11.705830000000006,12.429,-5.818408560624301,0.5314952015311165,Estonia
5.721539999999997,4.571,25.170422227083737,0.5314952015311165,Estonia
6.801419999999999,6.857,-0.8105585533032061,0.5314952015311165,Estonia
6.155650000000001,5.714,7.72926146307317,0.5314952015311165,Estonia
2.4255499999999994,2.571,-5.657331777518504,0.5314952015311165,Estonia
3.144409999999996,3.286,-4.3088861838102215,0.5314952015311165,Estonia
0.10294,0.0,inf,0.5314952015311165,Estonia
0.10725000000000005,0.143,-24.999999999999957,0.5314952015311165,Estonia
10.744389999999992,11.714,-8.277360423425034,0.5314952015311165,Estonia
6.8557000000000015,6.429,6.63711308135015,0.5314952015311165,Estonia
0.3503100000000001,0.143,144.9720279720281,0.5314952015311165,Estonia
5.3255,6.0,-11.241666666666667,0.5314952015311165,Estonia
6.635789999999994,6.143,8.021976233110761,0.5314952015311165,Estonia
9.007190000000003,8.286,8.703717113203037,0.5314952015311165,Estonia
2.31857,2.857,-18.845992299614995,0.5314952015311165,Estonia
10.791539999999992,11.286,-4.381180223285551,0.5314952015311165,Estonia
7.708699999999994,8.714,-11.53660775763147,0.5314952015311165,Estonia
0.7027999999999999,0.857,-17.99299883313887,0.5314952015311165,Estonia
7.109950000000002,7.286,-2.416277793027689,0.5314952015311165,Estonia
4.214249999999996,4.714,-10.601400084853713,0.5314952015311165,Estonia
9.16157000000001,10.0,-8.3842999999999,0.5314952015311165,Estonia
10.751619999999988,11.0,-2.2580000000001053,0.5314952015311165,Estonia
9.87986000000001,10.0,-1.2013999999999037,0.5314952015311165,Estonia
0.25728000000000023,0.286,-10.041958041957953,0.5314952015311165,Estonia
3.794379999999996,3.857,-1.623541612652433,0.5314952015311165,Estonia
2.5769399999999996,2.571,0.23103850641771256,0.5314952015311165,Estonia
7.694199999999999,6.857,12.20942102960476,0.9509465734905003,Finland
16.16841999999998,16.286,-0.7219697900038164,0.9509465734905003,Finland
16.17412999999998,16.429,-1.5513421389008348,0.9509465734905003,Finland
15.88835999999998,14.143,12.340804638336834,0.9509465734905003,Finland
16.231219999999993,16.571,-2.050449580592651,0.9509465734905003,Finland
12.495650000000001,13.714,-8.883987166399294,0.9509465734905003,Finland
29.458509999999986,33.714,-12.622323070534533,19.73786562497911,France
200.12287,186.0,7.592940860215057,19.73786562497911,France
166.31149000000002,164.143,1.3210980669294576,19.73786562497911,France
112.08127999999999,115.714,-3.1393954059145877,19.73786562497911,France
265.83739,263.571,0.8598783629458481,19.73786562497911,France
211.75150000000002,225.714,-6.185925551804486,19.73786562497911,France
29.718710000000023,28.571,4.01704525567891,19.73786562497911,France
20.637180000000004,19.857,3.9289922949086216,19.73786562497911,France
224.9515,226.857,-0.8399564483352903,19.73786562497911,France
302.29984,285.857,5.752120815652577,19.73786562497911,France
29.495830000000023,29.714,-0.7342330214712788,19.73786562497911,France
136.00577,133.286,2.040551895923061,19.73786562497911,France
45.08118999999997,48.429,-6.912820830494189,19.73786562497911,France
49.221369999999986,48.571,1.339008873607684,19.73786562497911,France
290.26541999999995,271.714,6.82755397219133,19.73786562497911,France
262.44709,263.571,-0.42641641151720916,19.73786562497911,France
270.27855999999997,267.857,0.9040495488264044,19.73786562497911,France
281.82857,263.714,6.869020984854811,19.73786562497911,France
215.35986,213.857,0.7027406163931965,19.73786562497911,France
322.13847999999996,286.429,12.467131470626224,19.73786562497911,France
286.56267999999994,294.571,-2.7186382909383755,19.73786562497911,France
274.99415999999997,280.286,-1.88801438530645,19.73786562497911,France
212.21874000000003,216.143,-1.8155850524883874,19.73786562497911,France
214.93417000000002,215.286,-0.16342446791708626,19.73786562497911,France
102.11277999999999,96.286,6.051533971709267,19.73786562497911,France
89.60128999999998,88.429,1.325685012835128,19.73786562497911,France
50.314069999999965,46.429,8.367765836007589,19.73786562497911,France
29.12588000000003,29.143,-0.05874481007435764,19.73786562497911,France
87.60696999999996,101.571,-13.748048163353749,19.73786562497911,France
111.01410999999999,118.429,-6.261042481149054,19.73786562497911,France
45.50840999999998,44.143,3.093151802097673,19.73786562497911,France
264.83438,254.286,4.148234664904874,19.73786562497911,France
333.13437999999996,333.571,-0.13089267352379605,19.73786562497911,France
157.81838999999997,161.857,-2.495171663876159,19.73786562497911,France
268.51451000000003,263.143,2.041289336976495,19.73786562497911,France
326.96441000000004,331.143,-1.2618687394871488,19.73786562497911,France
204.53001,186.714,9.541871525434626,19.73786562497911,France
147.90405999999996,144.857,2.103495171099746,19.73786562497911,France
36.641259999999974,34.0,7.768411764705807,19.73786562497911,France
29.337160000000004,31.143,-5.798542208521967,19.73786562497911,France
38.725730000000006,39.857,-2.83832200115411,19.73786562497911,France
117.50858,124.286,-5.45308401589882,19.73786562497911,France
29.425860000000025,28.714,2.479139095911494,19.73786562497911,France
299.42265,298.857,0.18927112297853094,19.73786562497911,France
29.55155000000002,30.143,-1.9621470988288507,19.73786562497911,France
154.37275999999997,159.143,-2.9974551189810605,19.73786562497911,France
24.458539999999992,145.286,-83.16524647935796,19.73786562497911,France
76.58002,73.714,3.888026697777906,19.73786562497911,France
96.28979999999996,97.0,-0.7321649484536525,19.73786562497911,France
24.685800000000015,22.429,10.061973338089155,19.73786562497911,France
307.35126999999994,292.143,5.205762246571019,19.73786562497911,France
100.85837999999995,97.857,3.067108127165103,19.73786562497911,France
275.76731,277.571,-0.64981212014224,19.73786562497911,France
298.82429,283.286,5.485018673707849,19.73786562497911,France
263.56121999999993,264.143,-0.22025190900384928,19.73786562497911,France
29.248680000000018,29.286,-0.12743290309357155,19.73786562497911,France
29.411540000000024,31.286,-5.991369941826944,19.73786562497911,France
93.88700999999998,101.429,-7.435733370140715,19.73786562497911,France
308.69973999999996,305.429,1.0708675338622036,19.73786562497911,France
64.22143,63.857,0.5706970261678417,19.73786562497911,France
122.52159000000003,120.0,2.1013250000000263,19.73786562497911,France
35.114239999999995,32.286,8.75995787647895,19.73786562497911,France
264.23566999999997,254.714,3.738180861672296,19.73786562497911,France
170.31134999999998,271.0,-37.15448339483396,19.73786562497911,France
22.597270000000016,25.286,-10.6332753302222,19.73786562497911,France
34.01728000000002,33.429,1.7597894044094013,19.73786562497911,France
77.84838999999997,79.0,-1.4577341772152324,19.73786562497911,France
313.80985999999996,317.286,-1.0955856861002513,19.73786562497911,France
100.99573000000001,95.429,5.833373502813617,19.73786562497911,France
65.18012000000002,64.143,1.6168872675116783,19.73786562497911,France
224.07555999999997,224.571,-0.22061619710471544,19.73786562497911,France
75.92856,77.143,-1.5742711587571085,19.73786562497911,France
206.00574,212.571,-3.0885021945608737,19.73786562497911,France
91.41551999999997,86.286,5.944788262290489,19.73786562497911,France
60.22302000000003,61.714,-2.4159509997731017,19.73786562497911,France
849.7213899999988,780.571,8.858949410111157,17.52088829557644,Germany
181.92568,149.714,21.515476174572854,17.52088829557644,Germany
62.591590000000025,68.429,-8.530608367797244,17.52088829557644,Germany
771.455570000001,770.714,0.09621857135084269,17.52088829557644,Germany
227.78134999999997,231.571,-1.6364959342923004,17.52088829557644,Germany
195.5857,188.429,3.798088404651089,17.52088829557644,Germany
242.59565999999998,238.714,1.626071365734721,17.52088829557644,Germany
78.23459000000004,79.0,-0.9688734177214686,17.52088829557644,Germany
227.91723000000002,220.429,3.3971165318538015,17.52088829557644,Germany
247.96282,229.714,7.9441479404825115,17.52088829557644,Germany
191.41724000000002,195.857,-2.2668375396334968,17.52088829557644,Germany
184.05287,183.714,0.18445518577790165,17.52088829557644,Germany
370.6142900000001,371.286,-0.18091444331321543,17.52088829557644,Germany
192.45305,198.571,-3.0809886640043147,17.52088829557644,Germany
101.48693999999998,95.143,6.667794793100885,17.52088829557644,Germany
230.5072,235.0,-1.9118297872340377,17.52088829557644,Germany
873.4356400000003,894.429,-2.3471242546920674,17.52088829557644,Germany
426.00737999999996,405.571,5.038915504313653,17.52088829557644,Germany
681.1259799999998,641.143,6.236203155926177,17.52088829557644,Germany
369.17418000000015,376.286,-1.8900038800273866,17.52088829557644,Germany
166.44875,159.714,4.216756201710552,17.52088829557644,Germany
19.097099999999987,3.857,395.1283380865954,17.52088829557644,Germany
230.83573,237.429,-2.776943844265018,17.52088829557644,Germany
331.32417999999996,288.286,14.928987186335776,17.52088829557644,Germany
370.7184200000003,371.143,-0.11439795442717517,17.52088829557644,Germany
255.29017000000005,261.714,-2.454522876116659,17.52088829557644,Germany
21.395860000000013,23.429,-8.67787784369792,17.52088829557644,Germany
152.72422999999998,162.857,-6.221881773580517,17.52088829557644,Germany
229.32155,198.857,15.31982781596826,17.52088829557644,Germany
27.408720000000017,28.857,-5.018816924836202,17.52088829557644,Germany
50.67261999999996,49.857,1.6359187275607436,17.52088829557644,Germany
143.06551,144.429,-0.9440555567095341,17.52088829557644,Germany
42.24990999999998,46.429,-9.00103383661079,17.52088829557644,Germany
256.41298,253.429,1.1774422027471214,17.52088829557644,Germany
384.19309,422.286,-9.020642408225708,17.52088829557644,Germany
21.63402999999998,17.571,23.123498947128677,17.52088829557644,Germany
29.609929999999995,29.0,2.103206896551707,17.52088829557644,Germany
151.79423,143.143,6.043767421389798,17.52088829557644,Germany
112.72018000000004,116.857,-3.5400703423842454,17.52088829557644,Germany
234.19458000000003,258.571,-9.4273603768404,17.52088829557644,Germany
51.68591000000003,49.571,4.266425934518227,17.52088829557644,Germany
263.81874000000005,255.714,3.1694549379384975,17.52088829557644,Germany
64.79734000000003,57.429,12.83034703721122,17.52088829557644,Germany
211.06297000000004,193.571,9.036462073347783,17.52088829557644,Germany
814.344080000001,858.286,-5.119729320995445,17.52088829557644,Germany
724.8199300000001,704.571,2.8739374740090193,17.52088829557644,Germany
154.67143,160.143,-3.4166775944000136,17.52088829557644,Germany
21.395830000000004,23.143,-7.549453398435799,17.52088829557644,Germany
184.81866000000002,166.571,10.95488410347541,17.52088829557644,Germany
30.44277999999999,30.714,-0.8830500748844509,17.52088829557644,Germany
75.85458000000004,78.714,-3.632670173031427,17.52088829557644,Germany
297.52143,309.143,-3.759286155597883,17.52088829557644,Germany
233.39154,205.714,13.454378408858897,17.52088829557644,Germany
370.38143000000014,427.286,-13.317677153007557,17.52088829557644,Germany
869.0044,876.0,-0.798584474885841,17.52088829557644,Germany
57.237220000000015,55.286,3.5293202619108155,17.52088829557644,Germany
854.7184499999994,811.857,5.279433447023235,17.52088829557644,Germany
166.06303000000003,164.0,1.2579451219512354,17.52088829557644,Germany
22.03849999999999,20.714,6.3942261272568786,17.52088829557644,Germany
81.65175000000005,84.714,-3.6148098307244956,17.52088829557644,Germany
185.89022000000006,187.429,-0.8209935495574034,17.52088829557644,Germany
224.31277999999998,223.143,0.5242288577279925,17.52088829557644,Germany
143.28156,149.143,-3.9300805267427825,17.52088829557644,Germany
23.56733000000003,25.429,-7.321050768807143,17.52088829557644,Germany
180.84715,186.714,-3.1421585954989983,17.52088829557644,Germany
15.676839999999991,15.571,0.6797251300493977,17.52088829557644,Germany
59.45856,59.429,0.04974002591326874,17.52088829557644,Germany
49.865539999999974,47.143,5.7750673482807064,17.52088829557644,Germany
535.3658099999997,512.857,4.388905679360855,17.52088829557644,Germany
68.54305000000004,67.714,1.2243406090321616,17.52088829557644,Germany
40.348519999999986,47.0,-14.152085106383009,17.52088829557644,Germany
183.53408999999996,192.286,-4.551506609945621,17.52088829557644,Germany
291.37586000000005,315.857,-7.7507036412047166,17.52088829557644,Germany
220.71146000000002,221.714,-0.4521771290942304,17.52088829557644,Germany
162.59431,156.0,4.227121794871799,17.52088829557644,Germany
50.143090000000036,52.0,-3.570980769230699,17.52088829557644,Germany
168.46582,179.286,-6.035150541592758,17.52088829557644,Germany
652.1985100000004,650.571,0.25016639229236626,17.52088829557644,Germany
232.5586,218.714,6.330001737428795,17.52088829557644,Germany
222.99553,221.857,0.5131819144764433,17.52088829557644,Germany
161.47562,151.0,6.937496688741716,17.52088829557644,Germany
21.45295000000001,19.286,11.23587057969515,17.52088829557644,Germany
175.10286,173.857,0.716600424486787,17.52088829557644,Germany
347.1626800000002,379.286,-8.469418855428307,17.52088829557644,Germany
54.024269999999994,54.0,0.04494444444443378,17.52088829557644,Germany
37.03972999999996,34.571,7.141043070781769,17.52088829557644,Germany
9.498190000000017,9.571,-0.7607355553231921,1.199507778590869,Ireland
4.805859999999992,4.429,8.508918491758676,1.199507778590869,Ireland
7.960359999999983,7.429,7.152510432090222,1.199507778590869,Ireland
7.036890000000008,6.714,4.8092046470063625,1.199507778590869,Ireland
4.528869999999992,4.429,2.2549108150822335,1.199507778590869,Ireland
4.504569999999991,4.429,1.7062542334610753,1.199507778590869,Ireland
3.8983199999999996,3.714,4.962843295638115,1.199507778590869,Ireland
12.627270000000019,13.143,-3.9239899566307677,1.199507778590869,Ireland
9.08286,9.0,0.9206666666666684,1.199507778590869,Ireland
8.45126000000001,6.143,37.57545173368078,1.199507778590869,Ireland
8.898560000000002,9.0,-1.1271111111110934,1.199507778590869,Ireland
7.302840000000001,6.143,18.88067719355365,1.199507778590869,Ireland
7.485410000000015,6.714,11.489574024426789,1.199507778590869,Ireland
7.859920000000005,6.143,27.949210483477216,1.199507778590869,Ireland
17.87428,18.0,-0.698444444444451,1.199507778590869,Ireland
5.918310000000007,5.714,3.575603780189126,1.199507778590869,Ireland
11.535800000000012,13.143,-12.228562733013682,1.199507778590869,Ireland
8.870040000000005,7.0,26.714857142857213,1.199507778590869,Ireland
18.537170000000003,15.429,20.144986713332056,1.199507778590869,Ireland
3.8025999999999986,3.714,2.385568120624628,1.199507778590869,Ireland
9.159760000000013,6.143,49.10890444408291,1.199507778590869,Ireland
5.147089999999999,5.714,-9.921421071053583,1.199507778590869,Ireland
8.918380000000006,9.571,-6.818723226413055,1.199507778590869,Ireland
9.148220000000016,11.571,-20.938380433843086,1.199507778590869,Ireland
8.224120000000003,7.857,4.67252131856946,1.199507778590869,Ireland
7.436960000000004,7.857,-5.34606083746973,1.199507778590869,Ireland
8.1627,7.857,3.890798014509342,1.199507778590869,Ireland
7.832760000000002,7.857,-0.30851470026725264,1.199507778590869,Ireland
7.418969999999985,7.429,-0.13501144164780624,1.199507778590869,Ireland
8.389940000000003,8.0,4.8742500000000355,1.199507778590869,Ireland
1.5912799999999996,1.286,23.738724727838225,2.6982221847028174,Israel
16.350080000000013,17.0,-3.8230588235293377,2.6982221847028174,Israel
0.03426,0.0,inf,2.6982221847028174,Israel
1.5767299999999986,1.429,10.337998600419775,2.6982221847028174,Israel
63.24856,59.143,6.941751348426689,2.6982221847028174,Israel
24.71706999999999,24.714,0.012422108926075742,2.6982221847028174,Israel
24.11016000000003,23.143,4.179060623082695,2.6982221847028174,Israel
18.442749999999986,18.429,0.07461066796889411,2.6982221847028174,Israel
48.07297000000001,37.857,26.985682964841413,2.6982221847028174,Israel
18.557049999999983,17.857,3.920311362490806,2.6982221847028174,Israel
23.03161000000003,27.286,-15.591841970241047,2.6982221847028174,Israel
31.841189999999973,26.571,19.834368296262735,2.6982221847028174,Israel
39.69402999999997,40.857,-2.8464400225176343,2.6982221847028174,Israel
23.958770000000023,25.143,-4.709978920574228,2.6982221847028174,Israel
1.7469599999999994,1.714,1.9229871645273882,2.6982221847028174,Israel
3.2857499999999997,2.286,43.733595800524924,2.6982221847028174,Israel
0.8384999999999997,1.286,-34.79782270606535,2.6982221847028174,Israel
3.991550000000001,3.714,7.473074851911715,2.6982221847028174,Israel
19.001379999999994,20.857,-8.896869156638084,2.6982221847028174,Israel
50.757069999999985,46.143,9.999501549530772,2.6982221847028174,Israel
5.590059999999994,5.143,8.692591872447876,2.6982221847028174,Israel
3.2184599999999985,3.0,7.281999999999951,2.6982221847028174,Israel
20.985890000000012,20.0,4.92945000000006,2.6982221847028174,Israel
22.275830000000013,24.143,-7.733794474588855,2.6982221847028174,Israel
3.364200000000001,4.286,-21.507232851143222,2.6982221847028174,Israel
2.264450000000001,2.143,5.667288847410227,2.6982221847028174,Israel
27.18708999999999,33.286,-18.32274830258971,2.6982221847028174,Israel
13.34281000000001,10.429,27.939495637165695,2.6982221847028174,Israel
8.652950000000006,9.0,-3.8561111111110455,2.6982221847028174,Israel
0.5473500000000007,0.429,27.587412587412746,2.6982221847028174,Israel
5.92998,5.857,1.2460303909851353,2.6982221847028174,Israel
25.748660000000008,23.143,11.258955191634652,2.6982221847028174,Israel
6.924549999999991,3.857,79.53201970443325,2.6982221847028174,Israel
10.177309999999983,6.286,61.90439070951294,2.6982221847028174,Israel
1.6754099999999987,1.714,-2.251458576429477,2.6982221847028174,Israel
7.270070000000001,9.0,-19.22144444444443,2.6982221847028174,Israel
26.87291000000002,21.571,24.578879050577243,2.6982221847028174,Israel
1.3829200000000004,1.286,7.536547433903603,2.6982221847028174,Israel
25.878690000000017,22.714,13.93277273927982,2.6982221847028174,Israel
0.8141899999999995,1.429,-43.02379286214139,2.6982221847028174,Israel
3.339980000000001,1.429,133.72848145556338,2.6982221847028174,Israel
53.91704999999998,56.286,-4.208773051913477,2.6982221847028174,Israel
1.9769799999999995,1.571,25.842138765117735,2.6982221847028174,Israel
1.8641599999999994,2.0,-6.792000000000032,2.6982221847028174,Israel
22.43302000000002,27.429,-18.21422581938816,2.6982221847028174,Israel
4.818629999999993,4.429,8.797245427861647,2.6982221847028174,Israel
-0.02148999999999998,0.0,-inf,2.6982221847028174,Israel
10.800149999999988,10.857,-0.5236253108594584,2.6982221847028174,Israel
14.181329999999985,13.857,2.3405499025762113,2.6982221847028174,Israel
346.94120000000004,348.571,-0.4675661486469008,3.9450384798734746,Italy
54.07278999999998,55.143,-1.9407903088334277,3.9450384798734746,Italy
47.42285999999999,46.714,1.5174465898873877,3.9450384798734746,Italy
73.83702999999997,73.857,-0.027038737018873136,3.9450384798734746,Italy
356.9613000000001,368.0,-2.9996467391304056,3.9450384798734746,Italy
346.48854999999986,355.286,-2.4761600513389608,3.9450384798734746,Italy
121.72015000000002,126.0,-3.3967063492063345,3.9450384798734746,Italy
274.93862,270.571,1.6142232537855083,3.9450384798734746,Italy
37.72411999999998,38.143,-1.0981831528721464,3.9450384798734746,Italy
294.66276,294.429,0.07939435313777446,3.9450384798734746,Italy
231.51456000000005,224.0,3.354714285714306,3.9450384798734746,Italy
97.94979999999998,100.857,-2.8824970007039843,3.9450384798734746,Italy
38.304300000000005,38.857,-1.422394935275483,3.9450384798734746,Italy
126.96861000000001,128.429,-1.137118563564296,3.9450384798734746,Italy
82.17264999999996,78.286,4.964680785836497,3.9450384798734746,Italy
71.89569,71.143,1.0579958674781793,3.9450384798734746,Italy
371.36145000000005,367.857,0.9526663893850109,3.9450384798734746,Italy
38.60974999999996,36.714,5.163561584136744,3.9450384798734746,Italy
372.45272000000006,375.143,-0.7171345326981754,3.9450384798734746,Italy
68.88574,71.0,-2.977830985915495,3.9450384798734746,Italy
57.26308000000004,59.143,-3.178601017871875,3.9450384798734746,Italy
47.546929999999975,44.429,7.017781178959627,3.9450384798734746,Italy
64.87017000000003,64.571,0.4633194468105375,3.9450384798734746,Italy
38.26143,36.429,5.030140821872671,3.9450384798734746,Italy
253.63590000000005,244.857,3.5853171442924032,3.9450384798734746,Italy
38.28554999999997,40.714,-5.964655892322116,3.9450384798734746,Italy
38.97584000000002,38.571,1.0495968473724337,3.9450384798734746,Italy
40.67851999999999,39.571,2.798817315710985,3.9450384798734746,Italy
75.25715,77.143,-2.444615843304,3.9450384798734746,Italy
367.67732999999987,374.571,-1.840417437548597,3.9450384798734746,Italy
363.48562000000004,366.429,-0.8032606589543769,3.9450384798734746,Italy
56.3728,56.143,0.4093119355930344,3.9450384798734746,Italy
369.68996,367.714,0.5373632768945393,3.9450384798734746,Italy
39.26416999999998,35.714,9.940555524444141,3.9450384798734746,Italy
17.38311000000001,7.143,143.3586728265436,11.211122400816974,Japan
14.104490000000006,2.0,605.2245000000003,11.211122400816974,Japan
4.0698599999999985,4.143,-1.7653874004344996,0.3472640973860302,Luxembourg
3.554649999999994,4.429,-19.74147663129389,0.3472640973860302,Luxembourg
4.07839,4.429,-7.916233912847155,0.3472640973860302,Luxembourg
1.8684399999999994,1.857,0.6160473882606058,0.3472640973860302,Luxembourg
2.318309999999999,2.286,1.4133858267716075,0.3472640973860302,Luxembourg
3.3532199999999954,3.429,-2.2099737532809685,0.3472640973860302,Luxembourg
2.312599999999999,2.286,1.1636045494312706,0.3472640973860302,Luxembourg
2.2831400000000013,2.286,-0.12510936132977918,0.3472640973860302,Luxembourg
1.8612899999999994,1.286,44.73483670295485,0.3472640973860302,Luxembourg
4.135519999999999,4.286,-3.510965935604313,0.3472640973860302,Luxembourg
1.8684399999999994,1.429,30.75157452764166,0.3472640973860302,Luxembourg
2.0,2.0,0.0,0.3472640973860302,Luxembourg
9.138290000000016,8.429,8.41487720963359,8.102964527288096,Malaysia
17.125890000000005,17.429,-1.7391129726317809,8.102964527288096,Malaysia
33.62164000000003,36.143,-6.976067288271513,8.102964527288096,Malaysia
14.372840000000005,13.0,10.560307692307735,8.102964527288096,Malaysia
75.21981999999997,76.429,-1.582095801331997,8.102964527288096,Malaysia
11.318480000000013,12.571,-9.963566939781929,8.102964527288096,Malaysia
98.43867000000002,100.0,-1.561329999999984,8.102964527288096,Malaysia
9.605670000000005,9.857,-2.549761590747632,8.102964527288096,Malaysia
285.14268999999996,303.429,-6.026553164002127,8.102964527288096,Malaysia
273.43581,278.714,-1.8937656522456694,8.102964527288096,Malaysia
15.964410000000019,17.714,-9.876877046403862,8.102964527288096,Malaysia
34.12859,34.714,-1.6863801348159129,8.102964527288096,Malaysia
51.84719000000001,53.429,-2.9605832038780253,8.102964527288096,Malaysia
54.990290000000044,54.286,1.297369487529092,8.102964527288096,Malaysia
399.6028900000002,378.286,5.635125275585184,8.102964527288096,Malaysia
48.78395999999995,51.571,-5.4042775978748665,8.102964527288096,Malaysia
40.39717,41.0,-1.4703170731707251,8.102964527288096,Malaysia
32.681530000000016,30.429,7.402576489533071,8.102964527288096,Malaysia
49.59709999999999,51.0,-2.750784313725509,8.102964527288096,Malaysia
32.31148,28.571,13.091876378145678,8.102964527288096,Malaysia
42.40258999999996,42.0,0.958547619047526,8.102964527288096,Malaysia
53.87017000000002,53.571,0.5584551343077879,8.102964527288096,Malaysia
54.63295000000002,52.857,3.359914486255412,8.102964527288096,Malaysia
71.95125999999998,73.143,-1.6293288489671252,8.102964527288096,Malaysia
382.26159000000007,355.857,7.420000168607063,8.102964527288096,Malaysia
24.69700999999998,25.286,-2.3293126631338303,8.102964527288096,Malaysia
25.382809999999992,28.0,-9.34710714285717,8.102964527288096,Malaysia
43.654360000000004,43.857,-0.462047107645291,8.102964527288096,Malaysia
22.637390000000025,23.714,-4.539976385257543,8.102964527288096,Malaysia
311.04447000000005,305.429,1.8385516764943974,8.102964527288096,Malaysia
326.94289000000003,312.571,4.597960143455409,8.102964527288096,Malaysia
18.203070000000015,16.857,7.985228688378805,8.102964527288096,Malaysia
197.10142,217.857,-9.52715772272638,8.102964527288096,Malaysia
51.71724000000002,48.857,5.854309515524938,8.102964527288096,Malaysia
14.991399999999997,16.143,-7.133742179272772,8.102964527288096,Malaysia
225.96741000000003,236.286,-4.366991696503378,8.102964527288096,Malaysia
0.7611899999999995,0.857,-11.179696616102742,0.3863400494629667,Malta
2.5386600000000006,3.286,-22.74315276932439,0.3863400494629667,Malta
0.0028599999999999997,0.0,inf,0.3863400494629667,Malta
0.45721000000000006,0.429,6.575757575757592,0.3863400494629667,Malta
0.0,0.0,,0.3863400494629667,Malta
0.034319999999999996,0.143,-76.0,0.3863400494629667,Malta
0.3515799999999999,0.429,-18.04662004662007,0.3863400494629667,Malta
0.17437000000000022,0.143,21.9370629370631,0.3863400494629667,Malta
2.163120000000001,2.143,0.9388707419505951,0.3863400494629667,Malta
0.7600500000000001,0.429,77.1678321678322,0.3863400494629667,Malta
2.665740000000001,3.429,-22.25896762904634,0.3863400494629667,Malta
2.60723,3.857,-32.40264454239046,0.3863400494629667,Malta
0.07719999999999995,0.143,-46.01398601398605,0.3863400494629667,Malta
2.6672600000000006,3.143,-15.136493795736532,0.3863400494629667,Malta
0.011439999999999999,0.0,inf,0.3863400494629667,Malta
0.5981899999999993,0.714,-16.219887955182163,0.3863400494629667,Malta
0.51453,0.429,19.93706293706295,0.3863400494629667,Malta
0.6496699999999991,0.714,-9.009803921568752,0.3863400494629667,Malta
0.7468899999999994,0.571,30.803852889667155,0.3863400494629667,Malta
0.05147999999999997,0.0,inf,0.3863400494629667,Malta
0.34439,0.286,20.416083916083917,0.3863400494629667,Malta
13.406950000000009,13.714,-2.2389528948519133,1.3254961224035702,Portugal
43.02448000000003,39.857,7.9471109215446045,1.3254961224035702,Portugal
44.96706999999999,44.0,2.197886363636347,1.3254961224035702,Portugal
45.93019000000002,47.714,-3.738546338600791,1.3254961224035702,Portugal
13.892780000000002,15.286,-9.114353002747597,1.3254961224035702,Portugal
18.257330000000017,18.714,-2.4402586299026465,1.3254961224035702,Portugal
10.379850000000003,12.143,-14.519888001317613,1.3254961224035702,Portugal
14.35134,13.429,6.868270161590588,1.3254961224035702,Portugal
9.770000000000007,8.714,12.118430112462775,1.3254961224035702,Portugal
14.587059999999992,14.0,4.1932857142856585,1.3254961224035702,Portugal
23.062609999999964,21.286,8.346377900967596,1.3254961224035702,Portugal
15.107059999999988,16.429,-8.046381398746183,1.3254961224035702,Portugal
33.61833999999997,33.286,0.9984377816498423,1.3254961224035702,Portugal
19.625509999999977,19.0,3.292157894736722,1.3254961224035702,Portugal
16.94278999999999,16.429,3.1273358086310377,1.3254961224035702,Portugal
16.07294,17.571,-8.525752660634012,1.3254961224035702,Portugal
16.874159999999996,16.571,1.829461106752729,1.3254961224035702,Portugal
16.018549999999994,17.143,-6.559237006358319,1.3254961224035702,Portugal
44.339919999999985,47.571,-6.792121250341622,1.3254961224035702,Portugal
12.987100000000003,12.571,3.309999204518365,1.3254961224035702,Portugal
12.201320000000008,11.0,10.921090909090982,1.3254961224035702,Portugal
42.557109999999994,43.857,-2.9639282212645757,1.3254961224035702,Portugal
13.827020000000003,14.714,-6.028136468669278,1.3254961224035702,Portugal
7.1615299999999955,7.286,-1.7083447707933581,1.3254961224035702,Portugal
12.767220000000014,12.857,-0.6982966477404146,1.3254961224035702,Portugal
15.311339999999996,16.571,-7.601593144650326,1.3254961224035702,Portugal
17.872980000000005,16.429,8.789214194412361,1.3254961224035702,Portugal
44.90008000000002,43.857,2.37836605330966,1.3254961224035702,Portugal
22.456959999999977,21.714,3.4215713364648557,1.3254961224035702,Portugal
51.219909999999985,49.143,4.226258063203272,4.558865056118683,Serbia
8.808669999999989,5.143,71.2749368073107,4.558865056118683,Serbia
8.808669999999989,4.571,92.70772259899341,4.558865056118683,Serbia
52.15992999999999,62.857,-17.01810458660135,4.558865056118683,Serbia
41.88132999999999,43.429,-3.5636786479081044,4.558865056118683,Serbia
6.96306999999999,7.0,-0.5275714285715668,4.558865056118683,Serbia
19.20849999999999,18.429,4.22974659504038,4.558865056118683,Serbia
46.59133999999999,50.429,-7.610025977116369,4.558865056118683,Serbia
8.808669999999989,4.429,98.88620456084868,4.558865056118683,Serbia
12.531409999999996,12.857,-2.5323948043867435,0.8355211696548336,Singapore
1.1557900000000003,1.429,-19.11896431070677,0.8355211696548336,Singapore
0.7654799999999993,0.857,-10.679113185531005,0.8355211696548336,Singapore
7.305769999999996,6.143,18.928373758749743,0.8355211696548336,Singapore
2.87409,2.429,18.324001646768217,0.8355211696548336,Singapore
1.8042699999999998,2.0,-9.786500000000009,0.8355211696548336,Singapore
7.852730000000012,6.857,14.521365028438261,0.8355211696548336,Singapore
7.941499999999993,7.571,4.893673226786337,0.8355211696548336,Singapore
12.751309999999998,12.714,0.2934560327198203,0.8355211696548336,Singapore
7.764279999999996,5.571,39.369592532758865,0.8355211696548336,Singapore
4.89288,6.429,-23.89360709286048,0.8355211696548336,Singapore
12.821510000000004,13.143,-2.446092977250226,0.8355211696548336,Singapore
9.725679999999999,10.286,-5.447404238771154,0.8355211696548336,Singapore
0.9499099999999996,0.714,33.04061624649855,0.8355211696548336,Singapore
1.1457600000000001,1.0,14.576000000000011,0.8355211696548336,Singapore
10.305759999999987,11.143,-7.513595979538847,0.8355211696548336,Singapore
7.192860000000005,6.571,9.463704154618858,0.8355211696548336,Singapore
0.8527099999999999,1.0,-14.729000000000013,0.8355211696548336,Singapore
4.504230000000004,2.571,75.19369894982512,0.8355211696548336,Singapore
7.391220000000008,7.286,1.4441394455120518,0.8355211696548336,Singapore
1.9141699999999997,2.0,-4.291500000000015,0.8355211696548336,Singapore
10.937219999999991,10.143,7.830227743271126,0.8355211696548336,Singapore
7.232889999999997,7.571,-4.465856557918412,0.8355211696548336,Singapore
12.988589999999997,13.714,-5.289558115794105,0.8355211696548336,Singapore
7.007199999999999,8.571,-18.24524559561312,0.8355211696548336,Singapore
10.423049999999995,11.286,-7.646198830409401,0.8355211696548336,Singapore
0.6968399999999992,0.714,-2.4033613445379176,0.8355211696548336,Singapore
10.905849999999988,11.286,-3.368332447279914,0.8355211696548336,Singapore
11.305690000000004,10.857,4.132725430597812,0.8355211696548336,Singapore
16.42851,18.0,-8.730500000000003,0.5815179304273522,Slovenia
6.20315999999999,7.429,-16.50074034190349,0.5815179304273522,Slovenia
14.031350000000005,14.286,-1.7825143497129672,0.5815179304273522,Slovenia
7.172690000000005,7.714,-7.017241379310289,0.5815179304273522,Slovenia
0.5798499999999994,0.714,-18.788515406162542,0.5815179304273522,Slovenia
14.806959999999998,14.857,-0.3368109308743419,0.5815179304273522,Slovenia
0.2116000000000002,0.143,47.97202797202812,0.5815179304273522,Slovenia
0.11010999999999994,0.0,inf,0.5815179304273522,Slovenia
4.099710000000005,4.143,-1.044895003620432,0.5815179304273522,Slovenia
0.24729000000000032,0.143,72.93006993007016,0.5815179304273522,Slovenia
0.3374400000000001,0.429,-21.342657342657322,0.5815179304273522,Slovenia
0.35845000000000043,0.286,25.332167832167997,0.5815179304273522,Slovenia
18.105659999999997,18.0,0.586999999999982,0.5815179304273522,Slovenia
16.560150000000004,15.143,9.358449448590127,0.5815179304273522,Slovenia
1.1043900000000004,1.143,-3.3779527559054756,0.5815179304273522,Slovenia
8.509750000000007,8.857,-3.920627752060425,0.5815179304273522,Slovenia
0.1472299999999999,0.0,inf,0.5815179304273522,Slovenia
0.48399999999999976,0.571,-15.236427320490403,0.5815179304273522,Slovenia
13.782950000000001,15.143,-8.9813775341742,0.5815179304273522,Slovenia
2.3458500000000004,2.571,-8.757292882147013,0.5815179304273522,Slovenia
4.18998,4.143,1.1339608979000837,0.5815179304273522,Slovenia
5.548450000000003,6.714,-17.359994042299626,0.5815179304273522,Slovenia
5.549840000000004,5.857,-5.244323032269013,0.5815179304273522,Slovenia
0.36172,0.286,26.47552447552448,0.5815179304273522,Slovenia
4.610000000000004,4.429,4.08670128697231,0.5815179304273522,Slovenia
1.2487700000000008,1.571,-20.511139401654944,0.5815179304273522,Slovenia
4.8613600000000075,5.0,-2.772799999999851,0.5815179304273522,Slovenia
8.097199999999996,9.286,-12.802067628688393,0.5815179304273522,Slovenia
17.44001,18.571,-6.090086694308333,0.5815179304273522,Slovenia
4.051320000000003,4.0,1.2830000000000785,0.5815179304273522,Slovenia
13.608690000000001,14.286,-4.74107517849642,0.5815179304273522,Slovenia
1.8829100000000003,1.857,1.395261173936474,0.5815179304273522,Slovenia
4.231489999999996,3.714,13.933494884221767,0.5815179304273522,Slovenia
12.490350000000001,12.857,-2.851753908376746,0.5815179304273522,Slovenia
0.37132000000000004,0.286,29.832167832167855,0.5815179304273522,Slovenia
0.4882699999999998,0.714,-31.614845938375375,0.5815179304273522,Slovenia
8.416940000000004,8.571,-1.7974565394935933,0.5815179304273522,Slovenia
17.81867000000002,18.286,-2.5556710051404496,0.5815179304273522,Slovenia
1.0529600000000001,1.143,-7.877515310586168,0.5815179304273522,Slovenia
5.397080000000002,5.571,-3.1218811703464024,0.5815179304273522,Slovenia
1.3031600000000012,0.857,52.060676779463385,0.5815179304273522,Slovenia
0.6426699999999994,1.0,-35.73300000000006,0.5815179304273522,Slovenia
0.3530799999999998,0.429,-17.69696969696975,0.5815179304273522,Slovenia
0.23163000000000017,0.286,-19.010489510489446,0.5815179304273522,Slovenia
16.39998,15.571,5.323871299210067,0.5815179304273522,Slovenia
16.47880000000001,15.714,4.866997581774277,0.5815179304273522,Slovenia
18.269889999999997,17.714,3.1381393248278084,0.5815179304273522,Slovenia
63.822880000000005,64.143,-0.4990723851394474,1.629560094202868,South Korea
1.776889999999999,1.714,3.6691948658109106,1.629560094202868,South Korea
31.87724000000001,32.857,-2.9818912256139884,1.629560094202868,South Korea
1.8784499999999997,2.429,-22.665706051873205,1.629560094202868,South Korea
9.648420000000009,8.0,20.605250000000108,1.629560094202868,South Korea
19.96172000000002,19.286,3.5036814269419243,1.629560094202868,South Korea
4.05709,3.571,13.612153458414994,1.629560094202868,South Korea
48.01141,47.571,0.925795127283429,1.629560094202868,South Korea
38.25163000000003,42.286,-9.540675400841824,1.629560094202868,South Korea
21.69732000000001,20.857,4.028959102459649,1.629560094202868,South Korea
2.255970000000001,2.143,5.271581894540417,1.629560094202868,South Korea
40.65288,37.714,7.792543882908216,1.629560094202868,South Korea
26.744189999999985,25.143,6.368333134470766,1.629560094202868,South Korea
44.69003000000001,49.714,-10.10574486060263,1.629560094202868,South Korea
13.570060000000005,14.143,-4.051049989394015,1.629560094202868,South Korea
8.13860000000001,9.0,-9.57111111111101,1.629560094202868,South Korea
2.0715,2.429,-14.717990942774803,1.629560094202868,South Korea
5.3300499999999955,5.0,6.600999999999909,1.629560094202868,South Korea
71.04268999999998,74.857,-5.095462014240512,1.629560094202868,South Korea
5.518609999999996,6.0,-8.02316666666673,1.629560094202868,South Korea
3.4572899999999986,3.0,15.242999999999954,1.629560094202868,South Korea
1.7969399999999993,1.571,14.381922342456994,1.629560094202868,South Korea
25.518469999999994,22.571,13.058659341633033,1.629560094202868,South Korea
2.1042199999999998,2.143,-1.8096126924871694,1.629560094202868,South Korea
63.47003000000001,61.429,3.3225837959270152,1.629560094202868,South Korea
45.64166000000003,44.714,2.07465223419965,1.629560094202868,South Korea
42.96007,46.286,-7.185606878969882,1.629560094202868,South Korea
9.247050000000002,8.143,13.558270907527948,1.629560094202868,South Korea
4.06294,3.857,5.339382940108893,1.629560094202868,South Korea
8.552820000000015,7.857,8.856051928217061,1.629560094202868,South Korea
6.6241600000000025,6.714,-1.3380994935954411,1.629560094202868,South Korea
4.308629999999999,4.0,7.715749999999977,1.629560094202868,South Korea
8.377220000000003,9.429,-11.15473539081554,1.629560094202868,South Korea
3.0086299999999992,3.286,-8.440961655508241,1.629560094202868,South Korea
1.9141799999999998,2.143,-10.677554829678023,1.629560094202868,South Korea
26.09575,21.571,20.976078994946906,1.629560094202868,South Korea
27.430100000000017,27.429,0.004010354004953708,1.629560094202868,South Korea
9.178500000000012,10.571,-13.172831330999788,1.629560094202868,South Korea
24.911580000000022,24.429,1.975439027385581,1.629560094202868,South Korea
3.5854300000000037,3.143,14.076678332803178,1.629560094202868,South Korea
44.26006,45.286,-2.265468356666516,1.629560094202868,South Korea
1.9556199999999995,1.571,24.48249522597069,1.629560094202868,South Korea
4.177289999999994,4.286,-2.536397573495232,1.629560094202868,South Korea
4.104320000000003,3.714,10.509423801830994,1.629560094202868,South Korea
6.054279999999998,5.571,8.67492371208038,1.629560094202868,South Korea
24.640250000000023,22.0,12.001136363636467,1.629560094202868,South Korea
14.14006000000001,14.429,-2.002494975396698,1.629560094202868,South Korea
47.585639999999984,46.857,1.5550291311863422,1.629560094202868,South Korea
48.74275999999998,47.571,2.4631813499821003,1.629560094202868,South Korea
5.710129999999993,6.429,-11.181676777103858,1.629560094202868,South Korea
2.0257400000000003,2.0,1.287000000000016,1.629560094202868,South Korea
4.834529999999992,4.571,5.765259243053868,1.629560094202868,South Korea
6.55305,4.714,39.01251591005514,1.629560094202868,South Korea
65.8686,69.0,-4.5382608695652165,1.629560094202868,South Korea
6.565610000000004,6.571,-0.0820270887231135,1.629560094202868,South Korea
1.7683399999999991,1.857,-4.774367259019971,1.629560094202868,South Korea
12.725729999999997,12.143,4.79889648357075,1.629560094202868,South Korea
39.51452000000003,39.143,0.9491352221343082,1.629560094202868,South Korea
36.847400000000036,37.0,-0.4124324324323354,1.629560094202868,South Korea
52.54424999999999,49.286,6.610903704906038,1.629560094202868,South Korea
3.7126800000000038,3.571,3.967516101932332,1.629560094202868,South Korea
48.43852999999999,51.571,-6.07409202846562,1.629560094202868,South Korea
1.9470599999999996,2.143,-9.143257116192265,1.629560094202868,South Korea
6.871280000000005,5.571,23.340154370849135,1.629560094202868,South Korea
2.3572300000000004,2.714,-13.145541635961667,1.629560094202868,South Korea
19.023190000000035,16.571,14.798080984853257,12.092738760161577,Spain
158.49561999999997,143.0,10.836097902097883,12.092738760161577,Spain
47.16590000000002,43.571,8.250671318078593,12.092738760161577,Spain
87.44730000000003,99.143,-11.796798563690803,12.092738760161577,Spain
27.42147000000001,32.0,-14.307906249999968,12.092738760161577,Spain
28.184199999999986,30.429,-7.377173091458846,12.092738760161577,Spain
181.21122,180.857,0.19585639483127443,12.092738760161577,Spain
24.68423,25.143,-1.8246430418009039,12.092738760161577,Spain
137.02427,132.714,3.2477884774778873,12.092738760161577,Spain
130.88299000000004,127.714,2.4813176315830967,12.092738760161577,Spain
26.729949999999995,26.429,1.1387112641416504,12.092738760161577,Spain
72.23722000000002,62.286,15.976656070385031,12.092738760161577,Spain
99.82575000000001,111.857,-10.755920505645589,12.092738760161577,Spain
244.20689,207.429,17.73035110808999,12.092738760161577,Spain
41.42900000000006,50.143,-17.378298067526757,8.713999999999942,Sweden
9.62137999999999,8.429,14.146162059556167,2.5896500355860237,Switzerland
6.611090000000013,5.714,15.699859992999873,2.5896500355860237,Switzerland
16.684219999999986,17.429,-4.273222789603608,2.5896500355860237,Switzerland
15.938780000000008,14.286,11.569228615427754,2.5896500355860237,Switzerland
4.229979999999999,4.143,2.099444846729414,2.5896500355860237,Switzerland
1.0399299999999998,0.429,142.40792540792535,2.5896500355860237,Switzerland
12.75155999999999,13.286,-4.022580159566528,2.5896500355860237,Switzerland
9.628410000000013,10.0,-3.71589999999987,2.5896500355860237,Switzerland
6.169880000000004,5.714,7.978298914945803,2.5896500355860237,Switzerland
8.444469999999987,8.143,3.7021982070488257,2.5896500355860237,Switzerland
4.324310000000006,3.857,12.11589318122908,2.5896500355860237,Switzerland
27.31412999999998,10.143,169.29044661342778,2.5896500355860237,Switzerland
21.901379999999996,22.286,-1.7258368482455588,2.5896500355860237,Switzerland
7.560279999999989,7.286,3.76447982432047,2.5896500355860237,Switzerland
56.52708999999999,55.0,2.776527272727249,2.5896500355860237,Switzerland
4.489860000000008,4.429,1.374125084669404,2.5896500355860237,Switzerland
28.344169999999984,25.429,11.463958472609956,2.5896500355860237,Switzerland
0.12439999999999996,0.143,-13.006993006993032,2.5896500355860237,Switzerland
7.9072099999999965,8.143,-2.89561586638836,2.5896500355860237,Switzerland
9.958549999999999,10.571,-5.793680824898314,2.5896500355860237,Switzerland
9.285719999999998,9.286,-0.0030152918371939945,2.5896500355860237,Switzerland
6.3114099999999995,6.857,-7.956686597637461,2.5896500355860237,Switzerland
6.645839999999998,7.429,-10.541930273253497,2.5896500355860237,Switzerland
6.305879999999995,6.143,2.6514732215529064,2.5896500355860237,Switzerland
8.438440000000007,7.857,7.400280005091088,2.5896500355860237,Switzerland
5.1102,6.0,-14.830000000000002,2.5896500355860237,Switzerland
20.93439000000001,22.0,-4.843681818181767,2.5896500355860237,Switzerland
9.509700000000011,9.714,-2.103150092649673,2.5896500355860237,Switzerland
5.431479999999994,5.0,8.629599999999886,2.5896500355860237,Switzerland
22.478700000000014,22.429,0.2215881225200215,2.5896500355860237,Switzerland
2.01437,1.857,8.474421109316102,2.5896500355860237,Switzerland
5.302909999999993,5.0,6.058199999999854,2.5896500355860237,Switzerland
7.75455999999999,7.571,2.4245145951656344,2.5896500355860237,Switzerland
9.43970000000001,9.714,-2.8237595223387846,2.5896500355860237,Switzerland
-0.035779999999999916,0.286,-112.51048951048948,2.5896500355860237,Switzerland
4.058490000000001,4.143,-2.039826212889186,2.5896500355860237,Switzerland
0.4089300000000001,0.429,-4.678321678321647,2.5896500355860237,Switzerland
14.554310000000001,15.0,-2.97126666666666,2.5896500355860237,Switzerland
9.671419999999998,10.714,-9.731006160164297,2.5896500355860237,Switzerland
10.83130999999998,9.857,9.884447600689676,2.5896500355860237,Switzerland
14.691409999999994,14.571,0.8263674421796332,2.5896500355860237,Switzerland
0.1615900000000002,0.143,13.000000000000153,2.5896500355860237,Switzerland
6.157130000000002,5.714,7.755162758137938,2.5896500355860237,Switzerland
16.40880000000002,15.714,4.421534936998984,2.5896500355860237,Switzerland
11.068499999999982,11.429,-3.154256715373329,2.5896500355860237,Switzerland
10.76417999999998,10.0,7.641799999999802,2.5896500355860237,Switzerland
0.31458999999999987,0.429,-26.668997668997697,2.5896500355860237,Switzerland
1.0627399999999998,0.571,86.11908931698771,2.5896500355860237,Switzerland
9.740019999999994,9.0,8.22244444444438,2.5896500355860237,Switzerland
13.031329999999999,13.286,-1.9168297455968752,2.5896500355860237,Switzerland
2.0386100000000003,2.0,1.9305000000000128,2.5896500355860237,Switzerland
9.625660000000003,10.714,-10.15811088295685,2.5896500355860237,Switzerland
0.25301000000000035,0.286,-11.534965034964907,2.5896500355860237,Switzerland
4.814230000000008,4.714,2.1262197708953714,2.5896500355860237,Switzerland
17.96170000000003,16.857,6.553360621700359,2.5896500355860237,Switzerland
0.48028000000000026,0.571,-15.887915936952663,2.5896500355860237,Switzerland
6.899810000000009,6.714,2.767500744712674,2.5896500355860237,Switzerland
20.701610000000013,34.714,-40.36524168923197,2.5896500355860237,Switzerland
18.239829999999973,17.429,4.652188880601151,2.5896500355860237,Switzerland
11.781459999999992,13.0,-9.373384615384676,2.5896500355860237,Switzerland
6.207329999999994,6.429,-3.447970135324416,2.5896500355860237,Switzerland
6.738390000000006,6.857,-1.7297652034416526,2.5896500355860237,Switzerland
23.201620000000027,24.429,-5.024274427933897,2.5896500355860237,Switzerland
7.1,7.429,-4.428590658231264,2.5896500355860237,Switzerland
7.832949999999993,9.143,-14.32844799300019,2.5896500355860237,Switzerland
14.174339999999995,12.571,12.75427571394476,2.5896500355860237,Switzerland
46.54308000000004,48.143,-3.3232661030678643,2.5896500355860237,Switzerland
21.091500000000007,19.571,7.769148229523302,2.5896500355860237,Switzerland
7.693119999999989,7.429,3.5552564275136436,2.5896500355860237,Switzerland
65.65572,63.857,2.816793773587865,2.5896500355860237,Switzerland
3.19993,3.143,1.811326757874654,2.5896500355860237,Switzerland
5.964160000000004,5.714,4.378018900945111,2.5896500355860237,Switzerland
5.907120000000001,5.143,14.857476181217208,2.5896500355860237,Switzerland
14.064349999999992,14.0,0.45964285714280095,2.5896500355860237,Switzerland
23.35023000000003,23.429,-0.3362072645011322,2.5896500355860237,Switzerland
62.91985999999997,62.0,1.4836451612902766,2.5896500355860237,Switzerland
2.397360000000001,2.143,11.86934204386379,2.5896500355860237,Switzerland
18.065689999999993,17.143,5.382313480720949,2.5896500355860237,Switzerland
17.739899999999988,17.0,4.352352941176401,2.5896500355860237,Switzerland
8.285600000000006,8.571,-3.329833158324512,2.5896500355860237,Switzerland
13.288409999999992,12.714,4.517932987258073,2.5896500355860237,Switzerland
49.76026000000004,52.857,-5.85871313165704,2.5896500355860237,Switzerland
8.287060000000002,7.571,9.45793158103292,2.5896500355860237,Switzerland
18.495680000000007,22.143,-16.471661473151755,2.5896500355860237,Switzerland
264.95707999999996,270.0,-1.8677481481481621,11.065097057155288,United Kingdom
221.38863,221.571,-0.0823077027228255,11.065097057155288,United Kingdom
146.94448000000003,146.571,0.25481166124269405,11.065097057155288,United Kingdom
155.74571,154.714,0.666849800276642,11.065097057155288,United Kingdom
160.03271999999998,155.714,2.7734949972385174,11.065097057155288,United Kingdom
110.56009000000002,112.429,-1.6623024308674679,11.065097057155288,United Kingdom
145.92124999999996,151.571,-3.7274610578541014,11.065097057155288,United Kingdom
158.99148000000002,156.571,1.545931238862897,11.065097057155288,United Kingdom
212.11706,213.286,-0.5480622263064581,11.065097057155288,United Kingdom
110.09990999999998,100.429,9.629599020203305,11.065097057155288,United Kingdom
265.75576,268.571,-1.0482293322808556,11.065097057155288,United Kingdom
108.95885000000004,99.714,9.271366107066251,11.065097057155288,United Kingdom
168.15139,165.714,1.4708413290367701,11.065097057155288,United Kingdom
189.34560999999997,183.286,3.306095391901162,11.065097057155288,United Kingdom
129.01004,125.857,2.5052559651032555,11.065097057155288,United Kingdom
264.83574,272.571,-2.837888109886979,11.065097057155288,United Kingdom
178.57724000000002,179.143,-0.31581474017962363,11.065097057155288,United Kingdom
118.91557999999998,121.286,-1.9544052899757796,11.065097057155288,United Kingdom
115.87420999999999,115.143,0.635045117810019,11.065097057155288,United Kingdom
262.41414,268.429,-2.2407638518937967,11.065097057155288,United Kingdom
166.82276,170.857,-2.361179231755217,11.065097057155288,United Kingdom
111.71162000000002,107.857,3.5738246010922103,11.065097057155288,United Kingdom
146.29714,141.571,3.3383531938038264,11.065097057155288,United Kingdom
201.86402999999999,221.143,-8.717874859253975,11.065097057155288,United Kingdom
121.12987999999997,121.143,-0.010830175907835459,11.065097057155288,United Kingdom
207.05127000000002,258.143,-19.7920261250547,11.065097057155288,United Kingdom
113.85586,114.857,-0.8716403876124157,11.065097057155288,United Kingdom
144.26,144.714,-0.31372223834598434,11.065097057155288,United Kingdom
243.14552,247.0,-1.5605182186234798,11.065097057155288,United Kingdom
132.69709,118.857,11.644320485962126,11.065097057155288,United Kingdom
932.184190000001,918.286,1.5134925284716334,67.48396603708223,United States
1305.662939999999,1353.429,-3.5292623403223264,67.48396603708223,United States
1705.5658799999999,1663.714,2.5155693827184202,67.48396603708223,United States
2071.1098199999997,2170.714,-4.58854459868966,67.48396603708223,United States
2550.2972199999986,2535.571,0.5807851564794931,67.48396603708223,United States
2479.9828699999994,2511.0,-1.2352500995619529,67.48396603708223,United States
1926.5315399999972,1981.571,-2.7775668901090445,67.48396603708223,United States
2416.3629699999983,2382.857,1.4061259236285828,67.48396603708223,United States
1853.7315300000014,1861.714,-0.4287699399584768,67.48396603708223,United States
1712.1859100000001,1697.143,0.8863666762317683,67.48396603708223,United States
1845.0469000000041,1821.0,1.3205326743549777,67.48396603708223,United States
1693.7715499999995,1649.0,2.71507277137656,67.48396603708223,United States
1208.0029,1195.286,1.0639211034011857,67.48396603708223,United States
1402.918810000001,1663.571,-15.668233577045939,67.48396603708223,United States
1209.154299999999,1199.143,0.8348712372084883,67.48396603708223,United States
1997.2584499999991,1857.714,7.511621810461631,67.48396603708223,United States
2408.2556099999983,2353.571,2.323473989099901,67.48396603708223,United States
1624.17869,1628.714,-0.2784595699429109,67.48396603708223,United States
1206.6757600000005,1198.0,0.7241869782972067,67.48396603708223,United States
2554.9602400000017,2527.429,1.0892982552626254,67.48396603708223,United States
1593.7672899999995,1633.143,-2.4110387149196657,67.48396603708223,United States
1685.4015600000012,1671.857,0.8101506289115148,67.48396603708223,United States
1775.1372499999995,1772.571,0.1447755830372734,67.48396603708223,United States
1537.800090000002,1579.143,-2.6180599223754926,67.48396603708223,United States
1531.20129,1539.0,-0.5067387914230037,67.48396603708223,United States
1215.4958299999996,1211.714,0.31210582695253775,67.48396603708223,United States
1744.551560000001,1751.571,-0.40075109715785967,67.48396603708223,United States
1708.987309999999,1661.714,2.8448523632826785,67.48396603708223,United States
1361.060040000001,1322.571,2.9101681497629293,67.48396603708223,United States
797.5331799999992,765.714,4.155491475929546,67.48396603708223,United States
2206.465470000001,2316.571,-4.7529529636691,67.48396603708223,United States
1931.012890000002,1907.571,1.2288868933319967,67.48396603708223,United States
1425.3972,1392.429,2.3676754793242614,67.48396603708223,United States
1173.7286700000002,1041.714,12.672832466492748,67.48396603708223,United States
1621.8970100000024,1523.714,6.443663968435183,67.48396603708223,United States
1383.3901800000021,1371.143,0.8932095339437328,67.48396603708223,United States
1583.81444,1714.571,-7.626196873736918,67.48396603708223,United States
1716.9616399999993,1722.714,-0.3339126517808897,67.48396603708223,United States
1712.7773199999997,1753.429,-2.3184103833118077,67.48396603708223,United States
2192.659899999999,2207.857,-0.6883190351549386,67.48396603708223,United States
